POS	REF	ALT	p1707-203205826.ALLEL_FREQ	p1707-203205826.GFF_FEATURE	p1707-203205826.REF_CODON	p1707-203205826.REF_AA	p1707-203205826.ALT_CODON	p1707-203205826.ALT_AA	p1707-203205826.REF_DP	p1707-203205826.REF_QUAL	p1707-203205826.ALT_DP	p1707-203205826.ALT_QUAL	p1707-203205826.SNPEFF_ANNOT	p1707-203205826.SNPEFF_IMPACT	p1707-203205826.SNPEFF_GENE	p1707-203205826.SNPEFF_FTYPE	p1707-203205826.SNPEFF_FID	p1707-203205826.SNPEFF_BIOTYPE	p1707-203205826.SNPEFF_HGVSC	p1707-203205826.SNPEFF_HGVSP	p1707-203205832.ALLEL_FREQ	p1707-203205832.GFF_FEATURE	p1707-203205832.REF_CODON	p1707-203205832.REF_AA	p1707-203205832.ALT_CODON	p1707-203205832.ALT_AA	p1707-203205832.REF_DP	p1707-203205832.REF_QUAL	p1707-203205832.ALT_DP	p1707-203205832.ALT_QUAL	p1707-203205832.SNPEFF_ANNOT	p1707-203205832.SNPEFF_IMPACT	p1707-203205832.SNPEFF_GENE	p1707-203205832.SNPEFF_FTYPE	p1707-203205832.SNPEFF_FID	p1707-203205832.SNPEFF_BIOTYPE	p1707-203205832.SNPEFF_HGVSC	p1707-203205832.SNPEFF_HGVSP	p1707-203205841.ALLEL_FREQ	p1707-203205841.GFF_FEATURE	p1707-203205841.REF_CODON	p1707-203205841.REF_AA	p1707-203205841.ALT_CODON	p1707-203205841.ALT_AA	p1707-203205841.REF_DP	p1707-203205841.REF_QUAL	p1707-203205841.ALT_DP	p1707-203205841.ALT_QUAL	p1707-203205841.SNPEFF_ANNOT	p1707-203205841.SNPEFF_IMPACT	p1707-203205841.SNPEFF_GENE	p1707-203205841.SNPEFF_FTYPE	p1707-203205841.SNPEFF_FID	p1707-203205841.SNPEFF_BIOTYPE	p1707-203205841.SNPEFF_HGVSC	p1707-203205841.SNPEFF_HGVSP	p1707-203205870.ALLEL_FREQ	p1707-203205870.GFF_FEATURE	p1707-203205870.REF_CODON	p1707-203205870.REF_AA	p1707-203205870.ALT_CODON	p1707-203205870.ALT_AA	p1707-203205870.REF_DP	p1707-203205870.REF_QUAL	p1707-203205870.ALT_DP	p1707-203205870.ALT_QUAL	p1707-203205870.SNPEFF_ANNOT	p1707-203205870.SNPEFF_IMPACT	p1707-203205870.SNPEFF_GENE	p1707-203205870.SNPEFF_FTYPE	p1707-203205870.SNPEFF_FID	p1707-203205870.SNPEFF_BIOTYPE	p1707-203205870.SNPEFF_HGVSC	p1707-203205870.SNPEFF_HGVSP	p1707-203205894.ALLEL_FREQ	p1707-203205894.GFF_FEATURE	p1707-203205894.REF_CODON	p1707-203205894.REF_AA	p1707-203205894.ALT_CODON	p1707-203205894.ALT_AA	p1707-203205894.REF_DP	p1707-203205894.REF_QUAL	p1707-203205894.ALT_DP	p1707-203205894.ALT_QUAL	p1707-203205894.SNPEFF_ANNOT	p1707-203205894.SNPEFF_IMPACT	p1707-203205894.SNPEFF_GENE	p1707-203205894.SNPEFF_FTYPE	p1707-203205894.SNPEFF_FID	p1707-203205894.SNPEFF_BIOTYPE	p1707-203205894.SNPEFF_HGVSC	p1707-203205894.SNPEFF_HGVSP
428	C	T	0.0406504	cds-AWR17643.1	TCC	S	TCT	S	1767	44	75	42	synonymous_variant	LOW	ORF1	transcript	TRANSCRIPT_gene-ORF1	protein_coding	c.426C>T	p.Ser142Ser	0.053909	cds-AWR17643.1	TCC	S	TCT	S	3703	46	211	48	synonymous_variant	LOW	ORF1	transcript	TRANSCRIPT_gene-ORF1	protein_coding	c.426C>T	p.Ser142Ser	NA	NA	NA	NA	NA	NA	NA	NA	NA	NA	NA	NA	NA	NA	NA	NA	NA	NA	NA	NA	NA	NA	NA	NA	NA	NA	NA	NA	NA	NA	NA	NA	NA	NA	NA	NA	NA	NA	NA	NA	NA	NA	NA	NA	NA	NA	NA	NA	NA	NA	NA	NA	NA	NA
950	T	C	NA	NA	NA	NA	NA	NA	NA	NA	NA	NA	NA	NA	NA	NA	NA	NA	NA	NA	NA	NA	NA	NA	NA	NA	NA	NA	NA	NA	NA	NA	NA	NA	NA	NA	NA	NA	NA	NA	NA	NA	NA	NA	NA	NA	NA	NA	NA	NA	NA	NA	NA	NA	NA	NA	0.0385604	cds-AWR17643.1	GAT	D	GAC	D	374	41	15	39	synonymous_variant	LOW	ORF1	transcript	TRANSCRIPT_gene-ORF1	protein_coding	c.948T>C	p.Asp316Asp	NA	NA	NA	NA	NA	NA	NA	NA	NA	NA	NA	NA	NA	NA	NA	NA	NA	NA
1001	T	C	NA	NA	NA	NA	NA	NA	NA	NA	NA	NA	NA	NA	NA	NA	NA	NA	NA	NA	NA	NA	NA	NA	NA	NA	NA	NA	NA	NA	NA	NA	NA	NA	NA	NA	NA	NA	NA	NA	NA	NA	NA	NA	NA	NA	NA	NA	NA	NA	NA	NA	NA	NA	NA	NA	0.0644172	cds-AWR17643.1	CCT	P	CCC	P	305	42	21	49	synonymous_variant	LOW	ORF1	transcript	TRANSCRIPT_gene-ORF1	protein_coding	c.999T>C	p.Pro333Pro	NA	NA	NA	NA	NA	NA	NA	NA	NA	NA	NA	NA	NA	NA	NA	NA	NA	NA
1306	T	A	0.109815	cds-AWR17643.1	TTC	F	TAC	Y	1831	42	226	41	missense_variant	MODERATE	ORF1	transcript	TRANSCRIPT_gene-ORF1	protein_coding	c.1304T>A	p.Phe435Tyr	NA	NA	NA	NA	NA	NA	NA	NA	NA	NA	NA	NA	NA	NA	NA	NA	NA	NA	0.440089	cds-AWR17643.1	TTC	F	TAC	Y	1257	41	988	41	missense_variant	MODERATE	ORF1	transcript	TRANSCRIPT_gene-ORF1	protein_coding	c.1304T>A	p.Phe435Tyr	0.884086	cds-AWR17643.1	TTC	F	TAC	Y	59	44	450	42	missense_variant	MODERATE	ORF1	transcript	TRANSCRIPT_gene-ORF1	protein_coding	c.1304T>A	p.Phe435Tyr	0.961538	cds-AWR17643.1	TTC	F	TAC	Y	2	37	50	39	missense_variant	MODERATE	ORF1	transcript	TRANSCRIPT_gene-ORF1	protein_coding	c.1304T>A	p.Phe435Tyr
1325	A	G	NA	NA	NA	NA	NA	NA	NA	NA	NA	NA	NA	NA	NA	NA	NA	NA	NA	NA	NA	NA	NA	NA	NA	NA	NA	NA	NA	NA	NA	NA	NA	NA	NA	NA	NA	NA	NA	NA	NA	NA	NA	NA	NA	NA	NA	NA	NA	NA	NA	NA	NA	NA	NA	NA	0.267176	cds-AWR17643.1	CTA	L	CTG	L	384	41	140	41	synonymous_variant	LOW	ORF1	transcript	TRANSCRIPT_gene-ORF1	protein_coding	c.1323A>G	p.Leu441Leu	0.980769	cds-AWR17643.1	CTA	L	CTG	L	1	37	51	38	synonymous_variant	LOW	ORF1	transcript	TRANSCRIPT_gene-ORF1	protein_coding	c.1323A>G	p.Leu441Leu
1462	C	T	0.420111	cds-AWR17643.1	ACC	T	ATC	I	1360	42	986	42	missense_variant	MODERATE	ORF1	transcript	TRANSCRIPT_gene-ORF1	protein_coding	c.1460C>T	p.Thr487Ile	0.138889	cds-AWR17643.1	ACC	T	ATC	I	3222	43	520	45	missense_variant	MODERATE	ORF1	transcript	TRANSCRIPT_gene-ORF1	protein_coding	c.1460C>T	p.Thr487Ile	0.90459	cds-AWR17643.1	ACC	T	ATC	I	212	44	2010	44	missense_variant	MODERATE	ORF1	transcript	TRANSCRIPT_gene-ORF1	protein_coding	c.1460C>T	p.Thr487Ile	0.990234	cds-AWR17643.1	ACC	T	ATC	I	5	37	507	43	missense_variant	MODERATE	ORF1	transcript	TRANSCRIPT_gene-ORF1	protein_coding	c.1460C>T	p.Thr487Ile	0.862069	cds-AWR17643.1	ACC	T	ATC	I	4	37	25	38	missense_variant	MODERATE	ORF1	transcript	TRANSCRIPT_gene-ORF1	protein_coding	c.1460C>T	p.Thr487Ile
1964	C	T	NA	NA	NA	NA	NA	NA	NA	NA	NA	NA	NA	NA	NA	NA	NA	NA	NA	NA	NA	NA	NA	NA	NA	NA	NA	NA	NA	NA	NA	NA	NA	NA	NA	NA	NA	NA	NA	NA	NA	NA	NA	NA	NA	NA	NA	NA	NA	NA	NA	NA	NA	NA	NA	NA	0.204868	cds-AWR17643.1	CCC	P	CCT	P	392	42	101	39	synonymous_variant	LOW	ORF1	transcript	TRANSCRIPT_gene-ORF1	protein_coding	c.1962C>T	p.Pro654Pro	NA	NA	NA	NA	NA	NA	NA	NA	NA	NA	NA	NA	NA	NA	NA	NA	NA	NA
2147	A	G	0.038258	cds-AWR17643.1	AGA	R	AGG	R	2363	41	94	40	synonymous_variant	LOW	ORF1	transcript	TRANSCRIPT_gene-ORF1	protein_coding	c.2145A>G	p.Arg715Arg	NA	NA	NA	NA	NA	NA	NA	NA	NA	NA	NA	NA	NA	NA	NA	NA	NA	NA	NA	NA	NA	NA	NA	NA	NA	NA	NA	NA	NA	NA	NA	NA	NA	NA	NA	NA	NA	NA	NA	NA	NA	NA	NA	NA	NA	NA	NA	NA	NA	NA	NA	NA	NA	NA	NA	NA	NA	NA	NA	NA	NA	NA	NA	NA	NA	NA	NA	NA	NA	NA	NA	NA
2203	C	T	NA	NA	NA	NA	NA	NA	NA	NA	NA	NA	NA	NA	NA	NA	NA	NA	NA	NA	NA	NA	NA	NA	NA	NA	NA	NA	NA	NA	NA	NA	NA	NA	NA	NA	NA	NA	0.0450322	cds-AWR17643.1	GCG	A	GTG	V	1335	39	63	40	missense_variant	MODERATE	ORF1	transcript	TRANSCRIPT_gene-ORF1	protein_coding	c.2201C>T	p.Ala734Val	0.0822622	cds-AWR17643.1	GCG	A	GTG	V	357	40	32	36	missense_variant	MODERATE	ORF1	transcript	TRANSCRIPT_gene-ORF1	protein_coding	c.2201C>T	p.Ala734Val	NA	NA	NA	NA	NA	NA	NA	NA	NA	NA	NA	NA	NA	NA	NA	NA	NA	NA
2297	C	T	NA	NA	NA	NA	NA	NA	NA	NA	NA	NA	NA	NA	NA	NA	NA	NA	NA	NA	NA	NA	NA	NA	NA	NA	NA	NA	NA	NA	NA	NA	NA	NA	NA	NA	NA	NA	NA	NA	NA	NA	NA	NA	NA	NA	NA	NA	NA	NA	NA	NA	NA	NA	NA	NA	0.19403	cds-AWR17643.1	TAC	Y	TAT	Y	324	44	78	46	synonymous_variant	LOW	ORF1	transcript	TRANSCRIPT_gene-ORF1	protein_coding	c.2295C>T	p.Tyr765Tyr	NA	NA	NA	NA	NA	NA	NA	NA	NA	NA	NA	NA	NA	NA	NA	NA	NA	NA
2327	T	C	NA	NA	NA	NA	NA	NA	NA	NA	NA	NA	NA	NA	NA	NA	NA	NA	NA	NA	NA	NA	NA	NA	NA	NA	NA	NA	NA	NA	NA	NA	NA	NA	NA	NA	NA	NA	NA	NA	NA	NA	NA	NA	NA	NA	NA	NA	NA	NA	NA	NA	NA	NA	NA	NA	0.11236	cds-AWR17643.1	GTT	V	GTC	V	395	45	50	44	synonymous_variant	LOW	ORF1	transcript	TRANSCRIPT_gene-ORF1	protein_coding	c.2325T>C	p.Val775Val	NA	NA	NA	NA	NA	NA	NA	NA	NA	NA	NA	NA	NA	NA	NA	NA	NA	NA
2331	G	A	0.0548005	cds-AWR17643.1	GTT	V	ATT	I	2154	44	125	42	missense_variant	MODERATE	ORF1	transcript	TRANSCRIPT_gene-ORF1	protein_coding	c.2329G>A	p.Val777Ile	0.0308255	cds-AWR17643.1	GTT	V	ATT	I	3708	47	118	47	missense_variant	MODERATE	ORF1	transcript	TRANSCRIPT_gene-ORF1	protein_coding	c.2329G>A	p.Val777Ile	0.0508772	cds-AWR17643.1	GTT	V	ATT	I	1623	43	87	41	missense_variant	MODERATE	ORF1	transcript	TRANSCRIPT_gene-ORF1	protein_coding	c.2329G>A	p.Val777Ile	NA	NA	NA	NA	NA	NA	NA	NA	NA	NA	NA	NA	NA	NA	NA	NA	NA	NA	NA	NA	NA	NA	NA	NA	NA	NA	NA	NA	NA	NA	NA	NA	NA	NA	NA	NA
2496	A	G	NA	NA	NA	NA	NA	NA	NA	NA	NA	NA	NA	NA	NA	NA	NA	NA	NA	NA	NA	NA	NA	NA	NA	NA	NA	NA	NA	NA	NA	NA	NA	NA	NA	NA	NA	NA	NA	NA	NA	NA	NA	NA	NA	NA	NA	NA	NA	NA	NA	NA	NA	NA	NA	NA	NA	NA	NA	NA	NA	NA	NA	NA	NA	NA	NA	NA	NA	NA	NA	NA	NA	NA	0.894737	cds-AWR17643.1	AGA	R	GGA	G	6	43	51	47	missense_variant	MODERATE	ORF1	transcript	TRANSCRIPT_gene-ORF1	protein_coding	c.2494A>G	p.Arg832Gly
2545	T	C	NA	NA	NA	NA	NA	NA	NA	NA	NA	NA	NA	NA	NA	NA	NA	NA	NA	NA	NA	NA	NA	NA	NA	NA	NA	NA	NA	NA	NA	NA	NA	NA	NA	NA	NA	NA	0.0473054	cds-AWR17643.1	GTG	V	GCG	A	3180	45	158	46	missense_variant	MODERATE	ORF1	transcript	TRANSCRIPT_gene-ORF1	protein_coding	c.2543T>C	p.Val848Ala	NA	NA	NA	NA	NA	NA	NA	NA	NA	NA	NA	NA	NA	NA	NA	NA	NA	NA	NA	NA	NA	NA	NA	NA	NA	NA	NA	NA	NA	NA	NA	NA	NA	NA	NA	NA
2671	A	C	0.0448618	cds-AWR17643.1	AAA	K	ACA	T	3658	39	172	28	missense_variant	MODERATE	ORF1	transcript	TRANSCRIPT_gene-ORF1	protein_coding	c.2669A>C	p.Lys890Thr	NA	NA	NA	NA	NA	NA	NA	NA	NA	NA	NA	NA	NA	NA	NA	NA	NA	NA	NA	NA	NA	NA	NA	NA	NA	NA	NA	NA	NA	NA	NA	NA	NA	NA	NA	NA	NA	NA	NA	NA	NA	NA	NA	NA	NA	NA	NA	NA	NA	NA	NA	NA	NA	NA	NA	NA	NA	NA	NA	NA	NA	NA	NA	NA	NA	NA	NA	NA	NA	NA	NA	NA
2873	G	A	0.127644	cds-AWR17643.1	AGG	R	AGA	R	4825	44	706	43	synonymous_variant	LOW	ORF1	transcript	TRANSCRIPT_gene-ORF1	protein_coding	c.2871G>A	p.Arg957Arg	NA	NA	NA	NA	NA	NA	NA	NA	NA	NA	NA	NA	NA	NA	NA	NA	NA	NA	0.430111	cds-AWR17643.1	AGG	R	AGA	R	1904	48	1437	48	synonymous_variant	LOW	ORF1	transcript	TRANSCRIPT_gene-ORF1	protein_coding	c.2871G>A	p.Arg957Arg	0.888662	cds-AWR17643.1	AGG	R	AGA	R	109	47	870	47	synonymous_variant	LOW	ORF1	transcript	TRANSCRIPT_gene-ORF1	protein_coding	c.2871G>A	p.Arg957Arg	0.873239	cds-AWR17643.1	AGG	R	AGA	R	9	57	62	48	synonymous_variant	LOW	ORF1	transcript	TRANSCRIPT_gene-ORF1	protein_coding	c.2871G>A	p.Arg957Arg
3071	T	C	NA	NA	NA	NA	NA	NA	NA	NA	NA	NA	NA	NA	NA	NA	NA	NA	NA	NA	NA	NA	NA	NA	NA	NA	NA	NA	NA	NA	NA	NA	NA	NA	NA	NA	NA	NA	NA	NA	NA	NA	NA	NA	NA	NA	NA	NA	NA	NA	NA	NA	NA	NA	NA	NA	0.380478	cds-AWR17643.1	GTT	V	GTC	V	310	42	191	41	synonymous_variant	LOW	ORF1	transcript	TRANSCRIPT_gene-ORF1	protein_coding	c.3069T>C	p.Val1023Val	0.866667	cds-AWR17643.1	GTT	V	GTC	V	6	43	39	41	synonymous_variant	LOW	ORF1	transcript	TRANSCRIPT_gene-ORF1	protein_coding	c.3069T>C	p.Val1023Val
3254	T	C	NA	NA	NA	NA	NA	NA	NA	NA	NA	NA	NA	NA	NA	NA	NA	NA	NA	NA	NA	NA	NA	NA	NA	NA	NA	NA	NA	NA	NA	NA	NA	NA	NA	NA	NA	NA	NA	NA	NA	NA	NA	NA	NA	NA	NA	NA	NA	NA	NA	NA	NA	NA	NA	NA	NA	NA	NA	NA	NA	NA	NA	NA	NA	NA	NA	NA	NA	NA	NA	NA	NA	NA	0.0882353	cds-AWR17643.1	ACT	T	ACC	T	62	46	6	37	synonymous_variant	LOW	ORF1	transcript	TRANSCRIPT_gene-ORF1	protein_coding	c.3252T>C	p.Thr1084Thr
3266	A	G	0.0991556	cds-AWR17643.1	GTA	V	GTG	V	3734	44	411	43	synonymous_variant	LOW	ORF1	transcript	TRANSCRIPT_gene-ORF1	protein_coding	c.3264A>G	p.Val1088Val	NA	NA	NA	NA	NA	NA	NA	NA	NA	NA	NA	NA	NA	NA	NA	NA	NA	NA	0.383002	cds-AWR17643.1	GTA	V	GTG	V	1706	45	1059	45	synonymous_variant	LOW	ORF1	transcript	TRANSCRIPT_gene-ORF1	protein_coding	c.3264A>G	p.Val1088Val	0.833102	cds-AWR17643.1	GTA	V	GTG	V	120	49	599	45	synonymous_variant	LOW	ORF1	transcript	TRANSCRIPT_gene-ORF1	protein_coding	c.3264A>G	p.Val1088Val	0.909091	cds-AWR17643.1	GTA	V	GTG	V	6	55	60	44	synonymous_variant	LOW	ORF1	transcript	TRANSCRIPT_gene-ORF1	protein_coding	c.3264A>G	p.Val1088Val
3597	A	G	0.030732	cds-AWR17643.1	AGT	S	GGT	G	2807	40	89	41	missense_variant	MODERATE	ORF1	transcript	TRANSCRIPT_gene-ORF1	protein_coding	c.3595A>G	p.Ser1199Gly	NA	NA	NA	NA	NA	NA	NA	NA	NA	NA	NA	NA	NA	NA	NA	NA	NA	NA	NA	NA	NA	NA	NA	NA	NA	NA	NA	NA	NA	NA	NA	NA	NA	NA	NA	NA	NA	NA	NA	NA	NA	NA	NA	NA	NA	NA	NA	NA	NA	NA	NA	NA	NA	NA	NA	NA	NA	NA	NA	NA	NA	NA	NA	NA	NA	NA	NA	NA	NA	NA	NA	NA
4445	T	C	0.149662	cds-AWR17643.1	GGT	G	GGC	G	2267	41	399	42	synonymous_variant	LOW	ORF1	transcript	TRANSCRIPT_gene-ORF1	protein_coding	c.4443T>C	p.Gly1481Gly	NA	NA	NA	NA	NA	NA	NA	NA	NA	NA	NA	NA	NA	NA	NA	NA	NA	NA	0.404298	cds-AWR17643.1	GGT	G	GGC	G	1192	40	809	40	synonymous_variant	LOW	ORF1	transcript	TRANSCRIPT_gene-ORF1	protein_coding	c.4443T>C	p.Gly1481Gly	0.830357	cds-AWR17643.1	GGT	G	GGC	G	95	42	465	41	synonymous_variant	LOW	ORF1	transcript	TRANSCRIPT_gene-ORF1	protein_coding	c.4443T>C	p.Gly1481Gly	0.888889	cds-AWR17643.1	GGT	G	GGC	G	5	44	40	39	synonymous_variant	LOW	ORF1	transcript	TRANSCRIPT_gene-ORF1	protein_coding	c.4443T>C	p.Gly1481Gly
5299	G	A	NA	NA	NA	NA	NA	NA	NA	NA	NA	NA	NA	NA	NA	NA	NA	NA	NA	NA	NA	NA	NA	NA	NA	NA	NA	NA	NA	NA	NA	NA	NA	NA	NA	NA	NA	NA	NA	NA	NA	NA	NA	NA	NA	NA	NA	NA	NA	NA	NA	NA	NA	NA	NA	NA	NA	NA	NA	NA	NA	NA	NA	NA	NA	NA	NA	NA	NA	NA	NA	NA	NA	NA	0.985507	cds-AWR17641.1	GAT	D	AAT	N	1	37	68	40	missense_variant	MODERATE	ORF2	transcript	TRANSCRIPT_gene-ORF2	protein_coding	c.232G>A	p.Asp78Asn
5445	A	G	NA	NA	NA	NA	NA	NA	NA	NA	NA	NA	NA	NA	NA	NA	NA	NA	NA	NA	NA	NA	NA	NA	NA	NA	NA	NA	NA	NA	NA	NA	NA	NA	NA	NA	NA	NA	NA	NA	NA	NA	NA	NA	NA	NA	NA	NA	NA	NA	NA	NA	NA	NA	NA	NA	NA	NA	NA	NA	NA	NA	NA	NA	NA	NA	NA	NA	NA	NA	NA	NA	NA	NA	0.117647	cds-AWR17641.1	CCA	P	CCG	P	60	44	8	50	synonymous_variant	LOW	ORF2	transcript	TRANSCRIPT_gene-ORF2	protein_coding	c.378A>G	p.Pro126Pro
5457	C	T	NA	NA	NA	NA	NA	NA	NA	NA	NA	NA	NA	NA	NA	NA	NA	NA	NA	NA	NA	NA	NA	NA	NA	NA	NA	NA	NA	NA	NA	NA	NA	NA	NA	NA	NA	NA	NA	NA	NA	NA	NA	NA	NA	NA	NA	NA	NA	NA	NA	NA	NA	NA	NA	NA	0.411325	cds-AWR17641.1	TAC	Y	TAT	Y	551	43	385	42	synonymous_variant	LOW	ORF2	transcript	TRANSCRIPT_gene-ORF2	protein_coding	c.390C>T	p.Tyr130Tyr	0.852941	cds-AWR17641.1	TAC	Y	TAT	Y	10	48	58	43	synonymous_variant	LOW	ORF2	transcript	TRANSCRIPT_gene-ORF2	protein_coding	c.390C>T	p.Tyr130Tyr
5583	C	T	NA	NA	NA	NA	NA	NA	NA	NA	NA	NA	NA	NA	NA	NA	NA	NA	NA	NA	NA	NA	NA	NA	NA	NA	NA	NA	NA	NA	NA	NA	NA	NA	NA	NA	NA	NA	0.0371107	cds-AWR17641.1	AAC	N	AAT	N	1453	39	56	40	synonymous_variant	LOW	ORF2	transcript	TRANSCRIPT_gene-ORF2	protein_coding	c.516C>T	p.Asn172Asn	NA	NA	NA	NA	NA	NA	NA	NA	NA	NA	NA	NA	NA	NA	NA	NA	NA	NA	NA	NA	NA	NA	NA	NA	NA	NA	NA	NA	NA	NA	NA	NA	NA	NA	NA	NA
5602	A	G	0.0896386	cds-AWR17641.1	ATA	I	GTA	V	1889	40	186	38	missense_variant	MODERATE	ORF2	transcript	TRANSCRIPT_gene-ORF2	protein_coding	c.535A>G	p.Ile179Val	0.0377758	cds-AWR17641.1	ATA	I	GTA	V	3184	42	125	42	missense_variant	MODERATE	ORF2	transcript	TRANSCRIPT_gene-ORF2	protein_coding	c.535A>G	p.Ile179Val	0.0935211	cds-AWR17641.1	ATA	I	GTA	V	1609	40	166	39	missense_variant	MODERATE	ORF2	transcript	TRANSCRIPT_gene-ORF2	protein_coding	c.535A>G	p.Ile179Val	NA	NA	NA	NA	NA	NA	NA	NA	NA	NA	NA	NA	NA	NA	NA	NA	NA	NA	NA	NA	NA	NA	NA	NA	NA	NA	NA	NA	NA	NA	NA	NA	NA	NA	NA	NA
5619	T	C	0.095	cds-AWR17641.1	ACT	T	ACC	T	1810	39	190	39	synonymous_variant	LOW	ORF2	transcript	TRANSCRIPT_gene-ORF2	protein_coding	c.552T>C	p.Thr184Thr	NA	NA	NA	NA	NA	NA	NA	NA	NA	NA	NA	NA	NA	NA	NA	NA	NA	NA	0.18645	cds-AWR17641.1	ACT	T	ACC	T	1405	40	322	40	synonymous_variant	LOW	ORF2	transcript	TRANSCRIPT_gene-ORF2	protein_coding	c.552T>C	p.Thr184Thr	NA	NA	NA	NA	NA	NA	NA	NA	NA	NA	NA	NA	NA	NA	NA	NA	NA	NA	NA	NA	NA	NA	NA	NA	NA	NA	NA	NA	NA	NA	NA	NA	NA	NA	NA	NA
5721	T	C	NA	NA	NA	NA	NA	NA	NA	NA	NA	NA	NA	NA	NA	NA	NA	NA	NA	NA	NA	NA	NA	NA	NA	NA	NA	NA	NA	NA	NA	NA	NA	NA	NA	NA	NA	NA	NA	NA	NA	NA	NA	NA	NA	NA	NA	NA	NA	NA	NA	NA	NA	NA	NA	NA	0.0863821	cds-AWR17641.1	CCT	P	CCC	P	899	41	85	45	synonymous_variant	LOW	ORF2	transcript	TRANSCRIPT_gene-ORF2	protein_coding	c.654T>C	p.Pro218Pro	NA	NA	NA	NA	NA	NA	NA	NA	NA	NA	NA	NA	NA	NA	NA	NA	NA	NA
5910	C	T	NA	NA	NA	NA	NA	NA	NA	NA	NA	NA	NA	NA	NA	NA	NA	NA	NA	NA	NA	NA	NA	NA	NA	NA	NA	NA	NA	NA	NA	NA	NA	NA	NA	NA	NA	NA	NA	NA	NA	NA	NA	NA	NA	NA	NA	NA	NA	NA	NA	NA	NA	NA	NA	NA	NA	NA	NA	NA	NA	NA	NA	NA	NA	NA	NA	NA	NA	NA	NA	NA	NA	NA	0.0810811	cds-AWR17641.1	GTC	V	GTT	V	68	45	6	37	synonymous_variant	LOW	ORF2	transcript	TRANSCRIPT_gene-ORF2	protein_coding	c.843C>T	p.Val281Val
5916	C	T	NA	NA	NA	NA	NA	NA	NA	NA	NA	NA	NA	NA	NA	NA	NA	NA	NA	NA	NA	NA	NA	NA	NA	NA	NA	NA	NA	NA	NA	NA	NA	NA	NA	NA	NA	NA	NA	NA	NA	NA	NA	NA	NA	NA	NA	NA	NA	NA	NA	NA	NA	NA	NA	NA	0.242315	cds-AWR17641.1	ATC	I	ATT	I	838	43	268	41	synonymous_variant	LOW	ORF2	transcript	TRANSCRIPT_gene-ORF2	protein_coding	c.849C>T	p.Ile283Ile	NA	NA	NA	NA	NA	NA	NA	NA	NA	NA	NA	NA	NA	NA	NA	NA	NA	NA
5932	G	A	NA	NA	NA	NA	NA	NA	NA	NA	NA	NA	NA	NA	NA	NA	NA	NA	NA	NA	NA	NA	NA	NA	NA	NA	NA	NA	NA	NA	NA	NA	NA	NA	NA	NA	NA	NA	NA	NA	NA	NA	NA	NA	NA	NA	NA	NA	NA	NA	NA	NA	NA	NA	NA	NA	0.252747	cds-AWR17641.1	GAG	E	AAG	K	748	43	253	41	missense_variant	MODERATE	ORF2	transcript	TRANSCRIPT_gene-ORF2	protein_coding	c.865G>A	p.Glu289Lys	NA	NA	NA	NA	NA	NA	NA	NA	NA	NA	NA	NA	NA	NA	NA	NA	NA	NA
5960	G	A	NA	NA	NA	NA	NA	NA	NA	NA	NA	NA	NA	NA	NA	NA	NA	NA	NA	NA	NA	NA	NA	NA	NA	NA	NA	NA	NA	NA	NA	NA	NA	NA	NA	NA	NA	NA	NA	NA	NA	NA	NA	NA	NA	NA	NA	NA	NA	NA	NA	NA	NA	NA	NA	NA	0.984874	cds-AWR17641.1	AGA	R	AAA	K	18	39	1172	41	missense_variant	MODERATE	ORF2	transcript	TRANSCRIPT_gene-ORF2	protein_coding	c.893G>A	p.Arg298Lys	1	cds-AWR17641.1	AGA	R	AAA	K	0	0	74	42	missense_variant	MODERATE	ORF2	transcript	TRANSCRIPT_gene-ORF2	protein_coding	c.893G>A	p.Arg298Lys
5980	G	C	NA	NA	NA	NA	NA	NA	NA	NA	NA	NA	NA	NA	NA	NA	NA	NA	NA	NA	NA	NA	NA	NA	NA	NA	NA	NA	NA	NA	NA	NA	NA	NA	NA	NA	NA	NA	NA	NA	NA	NA	NA	NA	NA	NA	NA	NA	NA	NA	NA	NA	NA	NA	NA	NA	0.412126	cds-AWR17641.1	GAA	E	CAA	Q	763	43	537	41	missense_variant	MODERATE	ORF2	transcript	TRANSCRIPT_gene-ORF2	protein_coding	c.913G>C	p.Glu305Gln	0.931034	cds-AWR17641.1	GAA	E	CAA	Q	6	49	81	42	missense_variant	MODERATE	ORF2	transcript	TRANSCRIPT_gene-ORF2	protein_coding	c.913G>C	p.Glu305Gln
6104	G	A	0.049076	cds-AWR17641.1	AGC	S	AAC	N	3134	42	162	41	missense_variant	MODERATE	ORF2	transcript	TRANSCRIPT_gene-ORF2	protein_coding	c.1037G>A	p.Ser346Asn	0.0486954	cds-AWR17641.1	AGC	S	AAC	N	6260	44	321	44	missense_variant	MODERATE	ORF2	transcript	TRANSCRIPT_gene-ORF2	protein_coding	c.1037G>A	p.Ser346Asn	NA	NA	NA	NA	NA	NA	NA	NA	NA	NA	NA	NA	NA	NA	NA	NA	NA	NA	NA	NA	NA	NA	NA	NA	NA	NA	NA	NA	NA	NA	NA	NA	NA	NA	NA	NA	NA	NA	NA	NA	NA	NA	NA	NA	NA	NA	NA	NA	NA	NA	NA	NA	NA	NA
6123	C	T	0.0357032	cds-AWR17641.1	CAC	H	CAT	H	3104	42	115	46	synonymous_variant	LOW	ORF2	transcript	TRANSCRIPT_gene-ORF2	protein_coding	c.1056C>T	p.His352His	NA	NA	NA	NA	NA	NA	NA	NA	NA	NA	NA	NA	NA	NA	NA	NA	NA	NA	NA	NA	NA	NA	NA	NA	NA	NA	NA	NA	NA	NA	NA	NA	NA	NA	NA	NA	NA	NA	NA	NA	NA	NA	NA	NA	NA	NA	NA	NA	NA	NA	NA	NA	NA	NA	NA	NA	NA	NA	NA	NA	NA	NA	NA	NA	NA	NA	NA	NA	NA	NA	NA	NA
6125	A	G	NA	NA	NA	NA	NA	NA	NA	NA	NA	NA	NA	NA	NA	NA	NA	NA	NA	NA	NA	NA	NA	NA	NA	NA	NA	NA	NA	NA	NA	NA	NA	NA	NA	NA	NA	NA	NA	NA	NA	NA	NA	NA	NA	NA	NA	NA	NA	NA	NA	NA	NA	NA	NA	NA	0.108269	cds-AWR17641.1	GAA	E	GGA	G	1017	42	127	43	missense_variant	MODERATE	ORF2	transcript	TRANSCRIPT_gene-ORF2	protein_coding	c.1058A>G	p.Glu353Gly	NA	NA	NA	NA	NA	NA	NA	NA	NA	NA	NA	NA	NA	NA	NA	NA	NA	NA
6148	G	A	NA	NA	NA	NA	NA	NA	NA	NA	NA	NA	NA	NA	NA	NA	NA	NA	NA	NA	NA	NA	NA	NA	NA	NA	NA	NA	NA	NA	NA	NA	NA	NA	NA	NA	NA	NA	NA	NA	NA	NA	NA	NA	NA	NA	NA	NA	NA	NA	NA	NA	NA	NA	NA	NA	0.277015	cds-AWR17641.1	GAC	D	AAC	N	843	44	323	42	missense_variant	MODERATE	ORF2	transcript	TRANSCRIPT_gene-ORF2	protein_coding	c.1081G>A	p.Asp361Asn	NA	NA	NA	NA	NA	NA	NA	NA	NA	NA	NA	NA	NA	NA	NA	NA	NA	NA
6190	G	A	NA	NA	NA	NA	NA	NA	NA	NA	NA	NA	NA	NA	NA	NA	NA	NA	NA	NA	NA	NA	NA	NA	NA	NA	NA	NA	NA	NA	NA	NA	NA	NA	NA	NA	NA	NA	NA	NA	NA	NA	NA	NA	NA	NA	NA	NA	NA	NA	NA	NA	NA	NA	NA	NA	NA	NA	NA	NA	NA	NA	NA	NA	NA	NA	NA	NA	NA	NA	NA	NA	NA	NA	0.896552	cds-AWR17641.1	GAG	E	AAG	K	9	49	78	42	missense_variant	MODERATE	ORF2	transcript	TRANSCRIPT_gene-ORF2	protein_coding	c.1123G>A	p.Glu375Lys
6191	A	T	NA	NA	NA	NA	NA	NA	NA	NA	NA	NA	NA	NA	NA	NA	NA	NA	NA	NA	NA	NA	NA	NA	NA	NA	NA	NA	NA	NA	NA	NA	NA	NA	NA	NA	NA	NA	NA	NA	NA	NA	NA	NA	NA	NA	NA	NA	NA	NA	NA	NA	NA	NA	NA	NA	NA	NA	NA	NA	NA	NA	NA	NA	NA	NA	NA	NA	NA	NA	NA	NA	NA	NA	0.103448	cds-AWR17641.1	GAG	E	GTG	V	78	42	9	49	missense_variant	MODERATE	ORF2	transcript	TRANSCRIPT_gene-ORF2	protein_coding	c.1124A>T	p.Glu375Val
6248	G	A	NA	NA	NA	NA	NA	NA	NA	NA	NA	NA	NA	NA	NA	NA	NA	NA	NA	NA	NA	NA	NA	NA	NA	NA	NA	NA	NA	NA	NA	NA	NA	NA	NA	NA	NA	NA	NA	NA	NA	NA	NA	NA	NA	NA	NA	NA	NA	NA	NA	NA	NA	NA	NA	NA	NA	NA	NA	NA	NA	NA	NA	NA	NA	NA	NA	NA	NA	NA	NA	NA	NA	NA	0.873239	cds-AWR17641.1	GGT	G	GAT	D	9	45	62	42	missense_variant	MODERATE	ORF2	transcript	TRANSCRIPT_gene-ORF2	protein_coding	c.1181G>A	p.Gly394Asp
6253	A	C	NA	NA	NA	NA	NA	NA	NA	NA	NA	NA	NA	NA	NA	NA	NA	NA	NA	NA	NA	NA	NA	NA	NA	NA	NA	NA	NA	NA	NA	NA	NA	NA	NA	NA	NA	NA	NA	NA	NA	NA	NA	NA	NA	NA	NA	NA	NA	NA	NA	NA	NA	NA	NA	NA	NA	NA	NA	NA	NA	NA	NA	NA	NA	NA	NA	NA	NA	NA	NA	NA	NA	NA	0.0909091	cds-AWR17641.1	ACT	T	CCT	P	60	43	6	49	missense_variant	MODERATE	ORF2	transcript	TRANSCRIPT_gene-ORF2	protein_coding	c.1186A>C	p.Thr396Pro
6402	A	G	NA	NA	NA	NA	NA	NA	NA	NA	NA	NA	NA	NA	NA	NA	NA	NA	NA	NA	NA	NA	NA	NA	NA	NA	NA	NA	NA	NA	NA	NA	NA	NA	NA	NA	NA	NA	NA	NA	NA	NA	NA	NA	NA	NA	NA	NA	NA	NA	NA	NA	NA	NA	NA	NA	0.209259	cds-AWR17641.1	GAA	E	GAG	E	427	39	113	41	synonymous_variant	LOW	ORF2	transcript	TRANSCRIPT_gene-ORF2	protein_coding	c.1335A>G	p.Glu445Glu	NA	NA	NA	NA	NA	NA	NA	NA	NA	NA	NA	NA	NA	NA	NA	NA	NA	NA
6714	T	C	NA	NA	NA	NA	NA	NA	NA	NA	NA	NA	NA	NA	NA	NA	NA	NA	NA	NA	NA	NA	NA	NA	NA	NA	NA	NA	NA	NA	NA	NA	NA	NA	NA	NA	NA	NA	NA	NA	NA	NA	NA	NA	NA	NA	NA	NA	NA	NA	NA	NA	NA	NA	NA	NA	0.168443	cds-AWR17642.1	TTG	L	CTG	L	780	39	158	38	synonymous_variant	LOW	ORF3	transcript	TRANSCRIPT_gene-ORF3	protein_coding	c.25T>C	p.Leu9Leu	NA	NA	NA	NA	NA	NA	NA	NA	NA	NA	NA	NA	NA	NA	NA	NA	NA	NA
6869	T	A	NA	NA	NA	NA	NA	NA	NA	NA	NA	NA	NA	NA	NA	NA	NA	NA	NA	NA	NA	NA	NA	NA	NA	NA	NA	NA	NA	NA	NA	NA	NA	NA	NA	NA	NA	NA	NA	NA	NA	NA	NA	NA	NA	NA	NA	NA	NA	NA	NA	NA	NA	NA	NA	NA	NA	NA	NA	NA	NA	NA	NA	NA	NA	NA	NA	NA	NA	NA	NA	NA	NA	NA	0.0535714	cds-AWR17642.1	ACT	T	ACA	T	105	44	6	37	synonymous_variant	LOW	ORF3	transcript	TRANSCRIPT_gene-ORF3	protein_coding	c.180T>A	p.Thr60Thr
6912	T	C	NA	NA	NA	NA	NA	NA	NA	NA	NA	NA	NA	NA	NA	NA	NA	NA	NA	NA	NA	NA	NA	NA	NA	NA	NA	NA	NA	NA	NA	NA	NA	NA	NA	NA	NA	NA	0.0464505	cds-AWR17642.1	TTG	L	CTG	L	2176	50	106	51	synonymous_variant	LOW	ORF3	transcript	TRANSCRIPT_gene-ORF3	protein_coding	c.223T>C	p.Leu75Leu	NA	NA	NA	NA	NA	NA	NA	NA	NA	NA	NA	NA	NA	NA	NA	NA	NA	NA	NA	NA	NA	NA	NA	NA	NA	NA	NA	NA	NA	NA	NA	NA	NA	NA	NA	NA
7108	T	C	0.0522348	cds-AWR17642.1	TTT	F	TCT	S	1760	40	97	39	missense_variant	MODERATE	ORF3	transcript	TRANSCRIPT_gene-ORF3	protein_coding	c.419T>C	p.Phe140Ser	0.039038	cds-AWR17642.1	TTT	F	TCT	S	2757	41	112	44	missense_variant	MODERATE	ORF3	transcript	TRANSCRIPT_gene-ORF3	protein_coding	c.419T>C	p.Phe140Ser	0.0466102	cds-AWR17642.1	TTT	F	TCT	S	1125	41	55	41	missense_variant	MODERATE	ORF3	transcript	TRANSCRIPT_gene-ORF3	protein_coding	c.419T>C	p.Phe140Ser	NA	NA	NA	NA	NA	NA	NA	NA	NA	NA	NA	NA	NA	NA	NA	NA	NA	NA	0.137255	cds-AWR17642.1	TTT	F	TCT	S	44	41	7	37	missense_variant	MODERATE	ORF3	transcript	TRANSCRIPT_gene-ORF3	protein_coding	c.419T>C	p.Phe140Ser
7126	T	C	0.107727	cds-AWR17642.1	CTT	L	CCT	P	1582	40	191	41	missense_variant	MODERATE	ORF3	transcript	TRANSCRIPT_gene-ORF3	protein_coding	c.437T>C	p.Leu146Pro	0.0606277	cds-AWR17642.1	CTT	L	CCT	P	2633	41	170	42	missense_variant	MODERATE	ORF3	transcript	TRANSCRIPT_gene-ORF3	protein_coding	c.437T>C	p.Leu146Pro	0.190248	cds-AWR17642.1	CTT	L	CCT	P	1013	40	238	40	missense_variant	MODERATE	ORF3	transcript	TRANSCRIPT_gene-ORF3	protein_coding	c.437T>C	p.Leu146Pro	NA	NA	NA	NA	NA	NA	NA	NA	NA	NA	NA	NA	NA	NA	NA	NA	NA	NA	NA	NA	NA	NA	NA	NA	NA	NA	NA	NA	NA	NA	NA	NA	NA	NA	NA	NA
7229	C	T	NA	NA	NA	NA	NA	NA	NA	NA	NA	NA	NA	NA	NA	NA	NA	NA	NA	NA	NA	NA	NA	NA	NA	NA	NA	NA	NA	NA	NA	NA	NA	NA	NA	NA	NA	NA	NA	NA	NA	NA	NA	NA	NA	NA	NA	NA	NA	NA	NA	NA	NA	NA	NA	NA	0.394081	cds-AWR17642.1	GCC	A	GCT	A	389	48	253	48	synonymous_variant	LOW	ORF3	transcript	TRANSCRIPT_gene-ORF3	protein_coding	c.540C>T	p.Ala180Ala	0.953125	cds-AWR17642.1	GCC	A	GCT	A	3	49	61	44	synonymous_variant	LOW	ORF3	transcript	TRANSCRIPT_gene-ORF3	protein_coding	c.540C>T	p.Ala180Ala
7392	A	G	NA	NA	NA	NA	NA	NA	NA	NA	NA	NA	NA	NA	NA	NA	NA	NA	NA	NA	NA	NA	NA	NA	NA	NA	NA	NA	NA	NA	NA	NA	NA	NA	NA	NA	NA	NA	NA	NA	NA	NA	NA	NA	NA	NA	NA	NA	NA	NA	NA	NA	NA	NA	NA	NA	0.0338983	cds-AWR17642.1	ACG	T	GCG	A	171	46	6	37	missense_variant	MODERATE	ORF3	transcript	TRANSCRIPT_gene-ORF3	protein_coding	c.703A>G	p.Thr235Ala	NA	NA	NA	NA	NA	NA	NA	NA	NA	NA	NA	NA	NA	NA	NA	NA	NA	NA
7460	T	G	0.043956	cds-AWR17642.1	GCT	A	GCG	A	261	44	12	37	synonymous_variant	LOW	ORF3	transcript	TRANSCRIPT_gene-ORF3	protein_coding	c.771T>G	p.Ala257Ala	NA	NA	NA	NA	NA	NA	NA	NA	NA	NA	NA	NA	NA	NA	NA	NA	NA	NA	NA	NA	NA	NA	NA	NA	NA	NA	NA	NA	NA	NA	NA	NA	NA	NA	NA	NA	NA	NA	NA	NA	NA	NA	NA	NA	NA	NA	NA	NA	NA	NA	NA	NA	NA	NA	NA	NA	NA	NA	NA	NA	NA	NA	NA	NA	NA	NA	NA	NA	NA	NA	NA	NA
